<?xml version="1.0" encoding="UTF-8"?>
<beans xmlns="http://www.springframework.org/schema/beans"
	xmlns:xsi="http://www.w3.org/2001/XMLSchema-instance"
	xmlns:security="http://www.springframework.org/schema/security"
	xsi:schemaLocation="http://www.springframework.org/schema/security 
	http://www.springframework.org/schema/security/spring-security-3.2.xsd
	http://www.springframework.org/schema/beans 
	http://www.springframework.org/schema/beans/spring-beans.xsd
	">

	<bean id="MemberServiceImpl" class="com.spring.service.LoginServiceImpl" />
	
	
   <security:http auto-config="true" use-expressions="true">
   <!--  <security:intercept-url pattern="/fbbs/admin" access="hasRole('admin')"/> -->
   <!--  <security:intercept-url pattern="/fbbs/user" access="hasRole('user')"/> -->
		<security:form-login 
			login-page="/fbbs/login" password-parameter="password"
			username-parameter="id" always-use-default-target="true"
			login-processing-url="/fbbs/login/submit"	authentication-failure-url="/fbbs/login?error"
			default-target-url="/fbbs/login"/>
	
	  <!-- 로그인 세션을 가진 사용자만 접근 가능한 요청주소 지정 -->
		
		<security:logout
            invalidate-session="true"
            logout-url="/fbbs/logout"
            logout-success-url="/fbbs/index"
        />
        
       
	
	</security:http>


	<security:authentication-manager>
		<security:authentication-provider user-service-ref ="MemberServiceImpl">
		<!-- 
		 <security:password-encoder ref="PasswordEncoder"></security:password-encoder>
		 -->
		</security:authentication-provider>
	
	</security:authentication-manager>
		
	
</beans>
