<?xml version="1.0" encoding="UTF-8"?>
<configuration>
	<include resource="org/spring/framework/boot/loggin/logback/base.xml"/>
	
	<!-- log4jdbc-log4j2 -->
	<logger name="jdbc.sqlonly" 		level="DEBUG">
		<logger name="jdbc.sqltiming" 		level="INFO"/>
		<logger name="jdbc.audit"			level="WARN" />
		<logger name="jdbc.resultset" 		level="ERROR" />
		<logger name="jdbc.resultsettable" 	level="ERROR"/>
		<logger name="jdbc.connection" 		level="INFO" />
	</logger>
	
	
	
	
	
	
</configuration>